ID	chr1	pos1	dir1	chr2	pos2	dir2	classification	split_norm1	norm_olap_bp1	span_norm1	win_norm1	split1	sc_bases1	total_reads1	split_norm2	norm_olap_bp2	span_norm2	win_norm2	split2	sc_bases2	total_reads2	anomalous	spanning	norm1	norm2	support	vaf1	vaf2	norm_mean	gtype1	gtype2	adjusted_norm	adjusted_support	adjusted_depth	preferred_side	raw_mean_vaf	adjusted_vaf
9	12	1040374	+	12	114959845	-	TRX	29	795	29	194	2	141	311	15	468	22	140	3	92	266	22	1	58	37	6	0.09375	0.13953488372093026	47.5	1,1,1.0	1,1,1.0	37.0	6	43	1	0.11214953271028037	0.13953488372093023
9	12	1040374	-	12	114966514	+	TRX	29	795	29	194	2	71	311	20	647	28	178	2	73	312	32	3	58	48	7	0.1076923076923077	0.12727272727272726	53.0	1,1,1.0	1,1,1.0	48.0	7	55	1	0.11666666666666667	0.12727272727272726
13	12	1332001	+	12	19059433	-	TRX	23	651	25	158	1	73	276	24	651	43	196	3	137	332	26	6	48	67	10	0.1724137931034483	0.12987012987012986	57.5	1,1,1.0	1,1,1.0	48.0	11	59	0	0.14814814814814814	0.1864406779661017
13	12	1332001	-	12	19123511	+	TRX	23	651	25	158	2	31	276	32	889	39	170	2	92	288	24	1	48	71	5	0.09433962264150944	0.06578947368421052	59.5	1,1,1.0	1,1,1.0	48.0	5	53	0	0.07751937984496124	0.09433962264150944
21	12	1850422	+	12	78897600	-	TRX	24	655	28	150	2	86	262	23	695	33	146	1	31	258	20	3	52	56	6	0.10344827586206896	0.09677419354838708	54.0	1,1,1.0	1,1,1.0	52.0	6	58	0	0.1	0.10344827586206896
21	12	1850424	-	12	78902334	+	TRX	23	632	29	150	2	62	262	26	754	25	162	1	34	265	30	3	52	51	6	0.10344827586206896	0.10526315789473684	51.5	1,1,1.0	1,1,1.0	51.0	6	57	1	0.10434782608695652	0.10526315789473684
23	12	1988679	+	12	67865444	-	TRX	21	655	32	140	3	63	258	30	793	40	182	0	0	309	22	4	53	70	7	0.11666666666666667	0.09090909090909091	61.5	1,1,1.0	1,1,1.0	53.0	7	60	0	0.10218978102189781	0.11666666666666667
23	12	1988681	-	12	67872262	+	TRX	21	659	32	140	2	69	259	17	516	39	146	3	105	258	34	1	53	56	6	0.10169491525423728	0.09677419354838708	54.5	1,1,1.0	1,1,1.0	53.0	6	59	0	0.09917355371900827	0.1016949152542373
34	12	2552106	+	12	106847061	-	TRX	17	533	29	154	1	15	261	33	989	43	182	4	208	321	42	3	46	76	8	0.14814814814814814	0.09523809523809523	61.0	1,1,1.0	1,1,1.0	46.0	8	54	0	0.11594202898550725	0.14814814814814814
34	12	2552106	-	12	106852029	+	TRX	17	533	29	154	3	151	261	13	415	19	146	3	117	273	42	3	46	32	9	0.16363636363636366	0.2195121951219512	39.0	1,1,1.0	1,1,1.0	32.0	9	41	1	0.1875	0.21951219512195122
36	12	2665641	+	12	46460523	-	TRX	23	686	28	178	1	20	304	15	409	28	156	1	49	256	24	3	51	43	5	0.08928571428571427	0.10416666666666667	47.0	1,1,1.0	1,1,1.0	43.0	5	48	1	0.09615384615384616	0.10416666666666667
36	12	2665642	-	12	46462974	+	TRX	22	673	29	180	3	82	306	23	783	28	172	2	72	292	24	2	51	51	7	0.1206896551724138	0.1206896551724138	51.0	1,1,1.0	1,1,1.0	51.0	7	58	1	0.1206896551724138	0.1206896551724138
40	12	2849938	+	12	50228914	-	TRX	27	796	36	168	1	63	281	10	407	23	138	1	51	243	20	4	63	33	6	0.08695652173913043	0.15384615384615385	48.0	1,1,1.0	1,1,1.0	33.0	6	39	1	0.1111111111111111	0.15384615384615385
50	12	3500166	+	12	32164508	-	TRX	23	735	20	154	1	34	283	24	764	32	182	3	123	292	36	4	43	56	8	0.1568627450980392	0.125	49.5	1,1,1.0	1,1,1.0	43.0	8	51	0	0.1391304347826087	0.1568627450980392
50	12	3500165	-	12	32164972	+	TRX	23	736	20	154	2	79	284	16	413	22	144	2	93	258	40	4	43	38	8	0.1568627450980392	0.17391304347826084	40.5	1,1,1.0	1,1,1.0	38.0	8	46	1	0.16494845360824742	0.17391304347826086
72	12	4710762	+	12	11083766	-	TRX	29	888	28	164	2	141	278	17	555	21	142	3	88	243	34	3	57	38	8	0.12307692307692307	0.17391304347826084	47.5	1,1,1.0	1,1,1.0	38.0	8	46	1	0.14414414414414414	0.17391304347826086
72	12	4710763	-	12	11085923	+	TRX	29	897	28	164	2	101	277	22	611	29	168	2	22	299	30	2	57	51	6	0.09523809523809523	0.10526315789473684	54.0	1,1,1.0	1,1,1.0	51.0	6	57	1	0.1	0.10526315789473684
90	12	5913019	+	12	78484448	-	TRX	25	705	27	156	3	162	292	25	702	27	164	1	22	295	42	2	52	52	6	0.10344827586206896	0.10344827586206896	52.0	1,1,1.0	1,1,1.0	52.0	6	58	1	0.10344827586206896	0.10344827586206896
90	12	5913020	-	12	78522491	+	TRX	25	698	27	156	2	111	292	30	952	26	152	1	10	283	40	3	52	56	6	0.10344827586206896	0.09677419354838708	54.0	1,1,1.0	1,1,1.0	52.0	6	58	0	0.1	0.10344827586206896
106	12	7113948	+	12	27004568	-	TRX	24	738	31	160	1	47	287	24	704	33	162	2	57	278	26	4	55	57	7	0.1129032258064516	0.109375	56.0	1,1,1.0	1,1,1.0	55.0	7	62	0	0.1111111111111111	0.11290322580645161
106	12	7113948	-	12	27009055	+	TRX	24	738	31	160	1	62	287	26	701	29	182	2	126	302	20	6	55	55	9	0.140625	0.140625	55.0	1,1,1.0	1,1,1.0	55.0	9	64	1	0.140625	0.140625
110	12	7408056	+	12	100758461	-	TRX	18	595	27	160	2	25	266	28	745	29	140	2	60	266	42	2	45	57	6	0.1176470588235294	0.09523809523809523	51.0	1,1,1.0	1,1,1.0	45.0	6	51	0	0.10526315789473684	0.11764705882352941
110	12	7408057	-	12	100818034	+	TRX	18	597	28	160	1	37	266	22	674	30	178	3	126	293	24	1	46	52	5	0.0980392156862745	0.08771929824561403	49.0	1,1,1.0	1,1,1.0	46.0	5	51	0	0.09259259259259259	0.09803921568627451
138	12	9181625	+	12	30728900	-	TRX	21	514	32	168	1	15	313	24	795	30	172	1	18	253	34	1	53	54	3	0.05357142857142857	0.05263157894736842	53.5	1,1,1.0	1,1,1.0	53.0	3	56	0	0.05309734513274336	0.05357142857142857
138	12	9181625	-	12	30729271	+	TRX	21	514	32	168	2	60	313	14	470	23	112	1	31	207	26	3	53	37	6	0.10169491525423728	0.13953488372093026	45.0	1,1,1.0	1,1,1.0	37.0	6	43	1	0.11764705882352941	0.13953488372093023
150	12	10051705	+	12	66455607	-	TRX	26	754	25	158	3	172	297	25	760	26	164	2	49	289	30	2	51	51	7	0.1206896551724138	0.1206896551724138	51.0	1,1,1.0	1,1,1.0	51.0	7	58	1	0.1206896551724138	0.1206896551724138
150	12	10051706	-	12	66456321	+	TRX	26	751	26	156	2	88	296	28	939	37	182	1	23	287	32	2	52	65	5	0.08771929824561403	0.07142857142857144	58.5	1,1,1.0	1,1,1.0	52.0	5	57	0	0.07874015748031496	0.08771929824561403
72	12	11083765	+	12	11085924	-	TRX	17	560	21	142	1	72	243	22	617	29	168	2	81	300	48	1	38	51	4	0.09523809523809523	0.07272727272727272	44.5	1,1,1.0	1,1,1.0	38.0	4	42	0	0.08247422680412371	0.09523809523809523
188	12	12769804	+	12	23354176	-	TRX	29	945	31	178	2	110	287	27	774	29	146	2	77	260	14	4	60	56	8	0.1176470588235294	0.125	58.0	1,1,1.0	1,1,1.0	56.0	8	64	1	0.12121212121212122	0.125
188	12	12769806	-	12	23355092	+	TRX	28	951	32	178	0	0	287	20	592	24	142	1	10	225	24	4	60	44	5	0.07692307692307693	0.1020408163265306	52.0	1,1,1.0	1,1,1.0	44.0	5	49	1	0.08771929824561403	0.10204081632653061
201	12	13520997	+	12	19782120	-	TRX	25	775	24	160	4	168	268	27	829	29	166	1	12	264	16	3	49	56	8	0.14035087719298245	0.125	52.5	1,1,1.0	1,1,1.0	49.0	8	57	0	0.1322314049586777	0.14035087719298245
201	12	13520998	-	12	19782964	+	TRX	25	768	24	160	0	0	268	25	736	30	158	2	90	273	26	4	49	55	6	0.10909090909090907	0.09836065573770493	52.0	1,1,1.0	1,1,1.0	49.0	6	55	0	0.10344827586206896	0.10909090909090909
214	12	14331728	+	12	20973764	-	TRX	19	550	31	166	1	46	304	23	704	26	178	6	302	310	46	1	50	49	8	0.13793103448275862	0.14035087719298245	49.5	1,1,1.0	1,1,1.0	49.0	8	57	1	0.1391304347826087	0.14035087719298245
214	12	14331729	-	12	20974117	+	TRX	19	556	32	166	3	141	303	24	706	25	150	2	90	285	50	3	51	49	8	0.13559322033898305	0.14035087719298245	50.0	1,1,1.0	1,1,1.0	49.0	8	57	1	0.13793103448275862	0.14035087719298245
228	12	15143558	+	12	98011485	-	TRX	18	516	29	176	1	64	293	37	1079	34	188	1	44	327	36	2	47	71	4	0.0784313725490196	0.05333333333333334	59.0	1,1,1.0	1,1,1.0	47.0	4	51	0	0.06349206349206349	0.0784313725490196
228	12	15143558	-	12	98060129	+	TRX	18	516	29	176	2	100	293	16	452	22	138	2	32	256	34	3	47	38	7	0.12962962962962962	0.15555555555555556	42.5	1,1,1.0	1,1,1.0	38.0	7	45	1	0.1414141414141414	0.15555555555555556
244	12	16105694	+	12	125998025	-	TRX	20	591	32	162	1	60	299	26	788	37	176	1	34	270	24	3	52	63	5	0.08771929824561403	0.07352941176470588	57.5	1,1,1.0	1,1,1.0	52.0	5	57	0	0.08	0.08771929824561403
244	12	16105694	-	12	126003753	+	TRX	20	591	32	162	2	64	299	23	692	27	146	1	44	277	34	1	52	50	4	0.07142857142857144	0.07407407407407407	51.0	1,1,1.0	1,1,1.0	50.0	4	54	1	0.07272727272727272	0.07407407407407407
247	12	16357086	+	12	39373499	-	TRX	29	955	32	152	2	138	274	17	577	27	160	3	109	275	30	1	61	44	6	0.08955223880597014	0.12	52.5	1,1,1.0	1,1,1.0	44.0	6	50	1	0.10256410256410256	0.12
247	12	16357088	-	12	39381990	+	TRX	31	976	31	152	1	25	274	16	446	22	130	3	105	249	32	4	62	38	8	0.11428571428571427	0.17391304347826084	50.0	1,1,1.0	1,1,1.0	38.0	8	46	1	0.13793103448275862	0.17391304347826086
253	12	16600314	+	12	27934341	-	TRX	23	620	24	140	1	15	263	26	748	22	150	3	156	260	22	3	47	48	7	0.12962962962962962	0.12727272727272726	47.5	1,1,1.0	1,1,1.0	47.0	7	54	0	0.12844036697247707	0.12962962962962962
253	12	16600315	-	12	28033545	+	TRX	23	623	24	140	1	19	263	35	1164	35	182	3	85	316	16	3	47	70	7	0.12962962962962962	0.09090909090909091	58.5	1,1,1.0	1,1,1.0	47.0	7	54	0	0.10687022900763359	0.12962962962962962
280	12	18702041	+	12	21672685	-	TRX	23	753	29	152	2	67	271	18	552	32	148	1	30	268	32	2	52	50	5	0.08771929824561403	0.09090909090909091	51.0	1,1,1.0	1,1,1.0	50.0	5	55	1	0.08928571428571429	0.09090909090909091
280	12	18702042	-	12	21743958	+	TRX	23	764	29	152	1	55	271	26	807	23	154	3	153	280	34	2	52	49	6	0.10344827586206896	0.10909090909090907	50.5	1,1,1.0	1,1,1.0	49.0	6	55	1	0.10619469026548672	0.10909090909090909
13	12	19059432	+	12	19123509	-	TRX	24	651	41	196	3	102	332	30	870	39	170	1	35	289	18	2	65	69	6	0.08450704225352113	0.08	67.0	1,1,1.0	1,1,1.0	65.0	6	71	0	0.0821917808219178	0.08450704225352113
201	12	19782119	+	12	19782965	-	TRX	25	806	29	166	2	115	264	25	738	30	158	2	30	272	24	5	54	55	9	0.14285714285714285	0.140625	54.5	1,1,1.0	1,1,1.0	54.0	9	63	0	0.14173228346456693	0.14285714285714285
297	12	19903065	+	12	88490401	-	TRX	22	685	36	156	2	74	264	17	517	30	142	1	24	260	28	1	58	47	4	0.06451612903225806	0.0784313725490196	52.5	1,1,1.0	1,1,1.0	47.0	4	51	1	0.07079646017699115	0.0784313725490196
297	12	19903062	-	12	88531287	+	TRX	23	684	35	158	2	97	265	20	595	30	166	1	12	272	22	1	58	50	4	0.06451612903225806	0.07407407407407407	54.0	1,1,1.0	1,1,1.0	50.0	4	54	1	0.06896551724137931	0.07407407407407407
304	12	20652448	+	12	76081384	-	TRX	26	694	28	190	1	68	296	11	285	21	154	1	72	291	40	3	54	32	5	0.0847457627118644	0.13513513513513514	43.0	1,1,1.0	1,1,1.0	32.0	5	37	1	0.10416666666666667	0.13513513513513514
304	12	20652450	-	12	76091252	+	TRX	24	673	29	190	1	76	297	28	821	37	176	4	251	286	30	4	53	65	9	0.14516129032258066	0.12162162162162166	59.0	1,1,1.0	1,1,1.0	53.0	9	62	0	0.1323529411764706	0.14516129032258066
308	12	20827124	+	12	81405957	-	TRX	21	674	35	156	1	25	255	22	719	23	130	1	32	240	24	1	56	45	3	0.05084745762711865	0.0625	50.5	1,1,1.0	1,1,1.0	45.0	3	48	1	0.056074766355140186	0.0625
308	12	20827123	-	12	81406716	+	TRX	21	669	35	156	2	93	255	25	707	21	148	1	39	261	24	1	56	46	4	0.06666666666666667	0.08	51.0	1,1,1.0	1,1,1.0	46.0	4	50	1	0.07272727272727272	0.08
280	12	21672684	+	12	21743958	-	TRX	19	565	32	148	1	64	266	26	807	23	154	1	63	280	26	3	51	49	5	0.08928571428571427	0.09259259259259257	50.0	1,1,1.0	1,1,1.0	49.0	5	54	1	0.09090909090909091	0.09259259259259259
188	12	23354176	+	12	23355093	-	TRX	27	774	29	146	1	42	260	20	590	24	142	2	56	224	12	2	56	44	5	0.0819672131147541	0.1020408163265306	50.0	1,1,1.0	1,1,1.0	44.0	5	49	1	0.09090909090909091	0.10204081632653061
358	12	24298145	-	12	110639647	+	TRX	15	466	27	132	3	129	251	21	611	21	136	2	88	262	28	4	42	42	9	0.17647058823529413	0.17647058823529413	42.0	1,1,1.0	1,1,1.0	42.0	9	51	1	0.17647058823529413	0.17647058823529413
378	12	25620188	+	12	113408753	-	TRX	30	964	33	166	4	174	317	21	655	28	164	1	60	302	38	2	63	49	7	0.1	0.125	56.0	1,1,1.0	1,1,1.0	49.0	7	56	1	0.1111111111111111	0.125
378	12	25620188	-	12	113433883	+	TRX	30	964	33	166	3	92	317	28	911	37	176	1	49	291	40	3	63	65	7	0.1	0.09722222222222222	64.0	1,1,1.0	1,1,1.0	63.0	7	70	0	0.09859154929577464	0.1
388	12	26304937	+	12	53924198	-	TRX	22	614	34	158	3	154	275	25	838	34	154	1	57	276	46	1	56	59	5	0.0819672131147541	0.078125	57.5	1,1,1.0	1,1,1.0	56.0	5	61	0	0.08	0.08196721311475409
388	12	26304938	-	12	53930740	+	TRX	21	606	32	156	2	84	274	19	553	25	160	5	144	302	34	2	53	44	9	0.14516129032258066	0.16981132075471694	48.5	1,1,1.0	1,1,1.0	44.0	9	53	1	0.1565217391304348	0.16981132075471697
391	12	26554668	+	12	31398249	-	TRX	17	474	29	124	2	102	229	31	841	32	172	2	23	301	24	1	46	63	5	0.0980392156862745	0.07352941176470588	54.5	1,1,1.0	1,1,1.0	46.0	5	51	0	0.08403361344537816	0.09803921568627451
391	12	26554670	-	12	31406310	+	TRX	15	456	29	124	0	0	229	24	753	36	170	1	48	292	40	5	44	60	6	0.12	0.09090909090909091	52.0	1,1,1.0	1,1,1.0	44.0	6	50	0	0.10344827586206896	0.12
106	12	27004567	+	12	27009056	-	TRX	24	700	33	162	2	106	278	26	697	29	182	2	88	302	36	3	57	55	7	0.109375	0.1129032258064516	56.0	1,1,1.0	1,1,1.0	55.0	7	62	1	0.1111111111111111	0.11290322580645161
408	12	27511443	+	12	62062644	-	TRX	17	541	17	120	2	43	261	13	358	26	124	1	35	258	36	1	34	39	4	0.10526315789473684	0.09302325581395347	36.5	1,1,1.0	1,1,1.0	34.0	4	38	0	0.09876543209876543	0.10526315789473684
408	12	27511442	-	12	62133451	+	TRX	17	545	17	120	2	52	262	17	491	32	172	1	30	267	32	3	34	49	6	0.15	0.10909090909090907	41.5	1,1,1.0	1,1,1.0	34.0	6	40	0	0.12631578947368421	0.15
412	12	27773585	+	12	96406986	-	TRX	26	728	30	164	1	14	263	16	524	22	162	3	122	277	40	2	56	38	6	0.09677419354838708	0.13636363636363635	47.0	1,1,1.0	1,1,1.0	38.0	6	44	1	0.11320754716981132	0.13636363636363635
412	12	27773585	-	12	96412030	+	TRX	26	728	30	164	1	57	263	22	691	16	162	2	53	285	24	2	56	38	5	0.0819672131147541	0.11627906976744184	47.0	1,1,1.0	1,1,1.0	38.0	5	43	1	0.09615384615384616	0.11627906976744186
414	12	27848834	+	12	42675871	-	TRX	30	998	34	166	1	24	295	23	697	25	144	1	45	252	26	6	64	48	8	0.1111111111111111	0.14285714285714285	56.0	1,1,1.0	1,1,1.0	48.0	8	56	1	0.125	0.14285714285714285
414	12	27848834	-	12	42678649	+	TRX	30	998	34	166	1	33	295	18	623	31	170	2	87	276	26	2	64	49	5	0.07246376811594203	0.09259259259259257	56.5	1,1,1.0	1,1,1.0	49.0	5	54	1	0.08130081300813008	0.09259259259259259
253	12	27934340	+	12	28033544	-	TRX	27	761	22	150	1	62	259	34	1153	35	180	0	0	315	20	2	49	69	3	0.0576923076923077	0.04166666666666666	59.0	1,1,1.0	1,1,1.0	49.0	3	52	0	0.04838709677419355	0.057692307692307696
391	12	31398248	+	12	31406311	-	TRX	31	844	32	170	2	78	299	23	745	37	168	5	202	291	28	3	63	60	10	0.136986301369863	0.14285714285714285	61.5	1,1,1.0	1,1,1.0	60.0	11	71	1	0.13986013986013987	0.15492957746478872
439	12	31490574	+	12	31574716	-	TRX	13	366	31	162	3	78	275	20	632	26	160	1	58	275	18	3	44	46	7	0.13725490196078433	0.1320754716981132	45.0	1,1,1.0	1,1,1.0	44.0	7	51	0	0.1346153846153846	0.13725490196078433
500	12	34563722	+	12	91500617	-	TRX	24	712	29	174	3	83	298	18	568	23	164	2	63	309	32	4	53	41	9	0.14516129032258066	0.18	47.0	1,1,1.0	1,1,1.0	41.0	9	50	1	0.16071428571428573	0.18
500	12	34563724	-	12	91507182	+	TRX	23	691	30	174	1	37	299	19	603	22	156	4	122	249	36	2	53	41	7	0.11666666666666667	0.14583333333333334	47.0	1,1,1.0	1,1,1.0	41.0	7	48	1	0.12962962962962962	0.14583333333333334
247	12	39373499	+	12	39381990	-	TRX	17	577	27	160	2	29	275	16	446	22	130	5	171	249	32	2	44	38	9	0.16981132075471694	0.1914893617021277	41.0	1,1,1.0	1,1,1.0	38.0	9	47	1	0.18	0.19148936170212766
585	12	40511266	+	12	65169164	-	TRX	23	703	23	152	1	39	268	21	643	26	146	0	0	256	36	2	46	47	3	0.061224489795918366	0.06	46.5	1,1,1.0	1,1,1.0	46.0	3	49	0	0.06060606060606061	0.061224489795918366
585	12	40511265	-	12	65222449	+	TRX	23	700	23	152	2	75	268	22	625	15	140	1	14	254	34	3	46	37	6	0.1153846153846154	0.13953488372093026	41.5	1,1,1.0	1,1,1.0	37.0	6	43	1	0.12631578947368421	0.13953488372093023
591	12	41212661	+	12	44570019	-	TRX	23	595	31	168	2	47	281	20	518	22	136	1	46	256	32	3	54	42	6	0.1	0.125	48.0	1,1,1.0	1,1,1.0	42.0	6	48	1	0.1111111111111111	0.125
591	12	41212662	-	12	44570477	+	TRX	22	582	32	168	2	109	281	28	835	34	158	1	72	265	38	3	54	62	6	0.1	0.08823529411764705	58.0	1,1,1.0	1,1,1.0	54.0	6	60	0	0.09375	0.1
600	12	41878691	+	12	76738949	-	TRX	18	580	25	138	5	220	240	18	552	21	126	1	68	238	22	3	43	39	9	0.17307692307692307	0.1875	41.0	1,1,1.0	1,1,1.0	39.0	9	48	1	0.18	0.1875
600	12	41878693	-	12	76739847	+	TRX	17	574	25	138	1	63	240	30	914	29	158	1	12	274	28	1	42	59	3	0.06666666666666667	0.04838709677419355	50.5	1,1,1.0	1,1,1.0	42.0	3	45	0	0.056074766355140186	0.06666666666666667
607	12	42224552	-	12	80828754	+	TRX	20	576	24	106	2	115	219	20	537	39	164	1	34	277	28	1	44	59	4	0.08333333333333333	0.06349206349206349	51.5	1,1,1.0	1,1,1.0	44.0	4	48	0	0.07207207207207207	0.08333333333333333
414	12	42675871	+	12	42678648	-	TRX	23	697	25	144	2	106	252	18	621	31	170	2	77	276	16	3	48	49	7	0.12727272727272726	0.125	48.5	1,1,1.0	1,1,1.0	48.0	7	55	0	0.12612612612612611	0.12727272727272726
631	12	44335915	+	12	66394404	-	TRX	19	569	27	154	3	155	267	20	606	24	146	1	59	271	30	3	46	44	7	0.1320754716981132	0.13725490196078433	45.0	1,1,1.0	1,1,1.0	44.0	7	51	1	0.1346153846153846	0.13725490196078433
631	12	44335916	-	12	66395286	+	TRX	19	560	27	156	1	48	268	26	885	28	178	1	20	311	36	3	46	54	5	0.0980392156862745	0.0847457627118644	50.0	1,1,1.0	1,1,1.0	46.0	5	51	0	0.09090909090909091	0.09803921568627451
637	12	44709251	+	12	97846580	-	TRX	26	869	27	170	1	54	301	27	937	21	164	2	26	274	26	1	53	48	4	0.07017543859649121	0.07692307692307693	50.5	1,1,1.0	1,1,1.0	48.0	4	52	1	0.07339449541284404	0.07692307692307693
637	12	44709251	-	12	97919836	+	TRX	26	869	27	170	2	129	301	17	562	28	174	2	89	288	36	2	53	45	6	0.10169491525423728	0.1176470588235294	49.0	1,1,1.0	1,1,1.0	45.0	6	51	1	0.10909090909090909	0.11764705882352941
36	12	46460523	+	12	46462973	-	TRX	15	409	28	156	2	24	256	23	784	28	170	1	55	290	26	3	43	51	6	0.12244897959183673	0.10526315789473684	47.0	1,1,1.0	1,1,1.0	43.0	6	49	0	0.11320754716981132	0.12244897959183673
662	12	47128486	+	12	79807482	-	TRX	19	573	33	178	2	54	296	22	594	34	162	2	121	291	34	4	52	56	8	0.13333333333333333	0.125	54.0	1,1,1.0	1,1,1.0	52.0	8	60	0	0.12903225806451613	0.13333333333333333
662	12	47128487	-	12	79876615	+	TRX	20	579	33	178	2	91	296	22	621	31	148	2	110	247	26	2	53	53	6	0.10169491525423728	0.10169491525423728	53.0	1,1,1.0	1,1,1.0	53.0	6	59	1	0.1016949152542373	0.1016949152542373
669	12	47690245	+	12	79934717	-	TRX	24	649	23	136	1	42	246	23	745	24	152	1	70	261	16	1	47	47	3	0.06	0.06	47.0	1,1,1.0	1,1,1.0	47.0	3	50	1	0.06	0.06
675	12	47911728	+	12	101028820	-	TRX	25	804	32	166	1	33	289	21	740	30	148	1	75	251	36	2	57	51	4	0.06557377049180327	0.07272727272727272	54.0	1,1,1.0	1,1,1.0	51.0	4	55	1	0.06896551724137931	0.07272727272727272
675	12	47911726	-	12	101095843	+	TRX	26	806	32	164	3	164	289	21	637	30	160	2	122	283	30	2	58	51	7	0.1076923076923077	0.1206896551724138	54.5	1,1,1.0	1,1,1.0	51.0	7	58	1	0.11382113821138211	0.1206896551724138
680	12	48341478	+	12	85461493	-	TRX	34	975	29	192	1	30	288	25	867	40	178	2	69	303	28	2	63	65	5	0.07352941176470588	0.07142857142857144	64.0	1,1,1.0	1,1,1.0	63.0	5	68	0	0.07246376811594203	0.07352941176470588
680	12	48341479	-	12	85464718	+	TRX	34	971	29	192	0	0	288	26	723	37	192	2	89	315	24	3	63	63	5	0.07352941176470588	0.07352941176470588	63.0	1,1,1.0	1,1,1.0	63.0	5	68	1	0.07352941176470588	0.07352941176470588
689	12	48922327	+	12	57645238	-	TRX	22	620	21	162	2	30	284	23	700	29	190	2	29	282	26	2	43	52	6	0.12244897959183673	0.10344827586206896	47.5	1,1,1.0	1,1,1.0	43.0	6	49	0	0.11214953271028037	0.12244897959183673
40	12	50228913	+	12	50238691	-	TRX	10	403	23	140	1	67	243	20	644	21	148	1	62	247	24	2	33	41	4	0.10810810810810813	0.0888888888888889	37.0	1,1,1.0	1,1,1.0	33.0	4	37	0	0.0975609756097561	0.10810810810810811
711	12	50559448	+	12	131996535	-	TRX	24	788	24	138	3	81	253	28	832	40	178	2	132	301	44	1	48	68	6	0.1111111111111111	0.08108108108108109	58.0	1,1,1.0	1,1,1.0	48.0	6	54	0	0.09375	0.1111111111111111
720	12	51000864	+	12	67655330	-	TRX	19	612	27	166	2	88	284	23	711	34	172	4	217	292	28	1	46	57	7	0.1320754716981132	0.109375	51.5	1,1,1.0	1,1,1.0	46.0	7	53	0	0.11965811965811966	0.1320754716981132
720	12	51000865	-	12	67747763	+	TRX	19	611	27	166	1	69	284	20	679	34	212	1	18	318	28	3	46	54	5	0.0980392156862745	0.0847457627118644	50.0	1,1,1.0	1,1,1.0	46.0	5	51	0	0.09090909090909091	0.09803921568627451
743	12	52818047	+	12	83295497	-	TRX	21	607	24	132	0	0	259	22	615	20	152	1	58	262	36	3	45	42	4	0.08163265306122447	0.08695652173913043	43.5	1,1,1.0	1,1,1.0	42.0	4	46	1	0.08421052631578947	0.08695652173913043
743	12	52818046	-	12	83297579	+	TRX	21	604	24	132	4	117	258	24	778	27	170	2	93	285	16	2	45	51	8	0.1509433962264151	0.13559322033898305	48.0	1,1,1.0	1,1,1.0	45.0	8	53	0	0.14285714285714285	0.1509433962264151
388	12	53924197	+	12	53930738	-	TRX	25	833	33	152	3	149	276	20	564	25	162	2	125	304	42	1	58	45	6	0.09375	0.1176470588235294	51.5	1,1,1.0	1,1,1.0	45.0	6	51	1	0.10434782608695652	0.11764705882352941
759	12	54379826	+	12	83864708	-	TRX	16	509	20	140	3	158	237	24	762	29	184	1	42	313	22	3	36	53	7	0.16279069767441862	0.11666666666666667	44.5	1,1,1.0	1,1,1.0	36.0	7	43	0	0.13592233009708737	0.16279069767441862
764	12	54821361	+	12	89675276	-	TRX	13	450	27	148	1	34	240	26	746	22	152	1	39	263	26	1	40	48	3	0.06976744186046513	0.05882352941176471	44.0	1,1,1.0	1,1,1.0	40.0	3	43	0	0.06382978723404255	0.06976744186046512
689	12	57645237	+	12	57692698	-	TRX	23	695	29	190	3	107	282	22	681	20	152	1	59	269	38	2	52	42	6	0.10344827586206896	0.125	47.0	1,1,1.0	1,1,1.0	42.0	6	48	1	0.11320754716981132	0.125
806	12	58842888	+	12	108848273	-	TRX	19	590	24	150	1	29	269	22	602	38	166	3	68	277	24	3	43	60	7	0.14	0.1044776119402985	51.5	1,1,1.0	1,1,1.0	43.0	7	50	0	0.11965811965811966	0.14
806	12	58842889	-	12	108848687	+	TRX	18	579	24	150	1	73	267	30	823	25	140	2	47	276	38	2	42	55	5	0.10638297872340426	0.08333333333333333	48.5	1,1,1.0	1,1,1.0	42.0	5	47	0	0.09345794392523364	0.10638297872340426
833	12	60563341	+	12	119926075	-	TRX	26	831	23	158	2	51	282	25	779	35	176	0	0	281	34	1	49	60	3	0.0576923076923077	0.047619047619047616	54.5	1,1,1.0	1,1,1.0	49.0	3	52	0	0.05217391304347826	0.057692307692307696
833	12	60563343	-	12	119926821	+	TRX	25	805	25	158	1	20	281	16	444	21	162	1	18	275	38	3	50	37	5	0.09090909090909091	0.11904761904761905	43.5	1,1,1.0	1,1,1.0	37.0	5	42	1	0.10309278350515463	0.11904761904761904
837	12	60776694	+	12	64287186	-	TRX	22	702	34	162	2	95	269	20	536	29	142	3	141	265	40	6	56	49	11	0.16417910447761194	0.18333333333333326	52.5	1,1,1.0	1,1,1.0	49.0	12	61	1	0.1732283464566929	0.19672131147540983
837	12	60776694	-	12	64295474	+	TRX	22	702	34	162	2	61	269	17	411	26	164	1	29	259	22	3	56	43	6	0.09677419354838708	0.12244897959183673	49.5	1,1,1.0	1,1,1.0	43.0	6	49	1	0.10810810810810811	0.12244897959183673
842	12	61168120	+	12	87843768	-	TRX	17	558	30	168	2	73	266	26	725	40	218	1	16	337	22	2	47	66	5	0.09615384615384617	0.07042253521126761	56.5	1,1,1.0	1,1,1.0	47.0	5	52	0	0.08130081300813008	0.09615384615384616
842	12	61168122	-	12	87844708	+	TRX	16	549	31	168	1	13	265	12	341	19	114	1	25	218	28	1	47	31	3	0.06	0.08823529411764705	39.0	1,1,1.0	1,1,1.0	31.0	3	34	1	0.07142857142857142	0.08823529411764706
849	12	61730552	+	12	98568342	-	TRX	18	529	26	154	1	12	263	13	424	19	152	5	142	262	34	3	44	32	9	0.16981132075471694	0.2195121951219512	38.0	1,1,1.0	1,1,1.0	32.0	9	41	1	0.19148936170212766	0.21951219512195122
849	12	61730552	-	12	98569148	+	TRX	18	529	26	154	3	134	263	23	711	24	184	3	168	303	38	2	44	47	8	0.15384615384615385	0.14545454545454545	45.5	1,1,1.0	1,1,1.0	44.0	8	52	0	0.14953271028037382	0.15384615384615385
408	12	62062643	+	12	62133452	-	TRX	13	357	26	124	2	74	258	16	478	31	172	1	38	268	26	4	39	47	7	0.15217391304347827	0.12962962962962962	43.0	1,1,1.0	1,1,1.0	39.0	7	46	0	0.14	0.15217391304347827
859	12	62449643	+	12	126560983	-	TRX	26	827	26	172	2	92	310	17	498	35	152	3	184	296	56	5	52	52	10	0.16129032258064516	0.16129032258064516	52.0	1,1,1.0	1,1,1.0	52.0	11	63	1	0.16129032258064516	0.1746031746031746
859	12	62449644	-	12	126561385	+	TRX	27	834	26	172	1	49	310	19	617	26	154	2	136	277	40	3	53	45	6	0.10169491525423728	0.1176470588235294	49.0	1,1,1.0	1,1,1.0	45.0	6	51	1	0.10909090909090909	0.11764705882352941
837	12	64287185	+	12	64295475	-	TRX	20	534	29	144	2	45	266	15	388	26	164	1	74	260	36	1	49	41	4	0.07547169811320754	0.0888888888888889	45.0	1,1,1.0	1,1,1.0	41.0	4	45	1	0.08163265306122448	0.08888888888888889
585	12	65169163	+	12	65222450	-	TRX	20	636	27	146	2	59	256	22	623	15	140	1	47	253	30	1	47	37	4	0.0784313725490196	0.0975609756097561	42.0	1,1,1.0	1,1,1.0	37.0	4	41	1	0.08695652173913043	0.0975609756097561
631	12	66394403	+	12	66395286	-	TRX	20	606	24	146	1	33	271	26	885	28	178	3	63	311	50	3	44	54	7	0.13725490196078433	0.11475409836065575	49.0	1,1,1.0	1,1,1.0	44.0	7	51	0	0.125	0.13725490196078433
150	12	66455606	+	12	66456322	-	TRX	26	770	26	164	1	77	288	27	935	38	182	2	133	286	34	1	52	65	4	0.07142857142857144	0.05797101449275361	58.5	1,1,1.0	1,1,1.0	52.0	4	56	0	0.064	0.07142857142857142
902	12	66603795	+	12	96178795	-	TRX	25	789	25	160	2	34	272	29	766	31	162	2	92	293	34	1	50	60	5	0.09090909090909091	0.07692307692307693	55.0	1,1,1.0	1,1,1.0	50.0	5	55	0	0.08333333333333333	0.09090909090909091
902	12	66603797	-	12	96184168	+	TRX	24	771	25	158	2	45	270	25	762	31	126	2	101	254	30	2	49	56	6	0.10909090909090907	0.09677419354838708	52.5	1,1,1.0	1,1,1.0	49.0	6	55	0	0.10256410256410256	0.10909090909090909
906	12	67074312	+	12	81999268	-	TRX	25	750	28	170	1	67	280	23	721	34	168	1	51	287	34	1	53	57	3	0.05357142857142857	0.05	55.0	1,1,1.0	1,1,1.0	53.0	3	56	0	0.05172413793103448	0.05357142857142857
906	12	67074313	-	12	82003294	+	TRX	25	753	28	170	1	63	280	24	772	20	142	2	46	270	18	2	53	44	5	0.08620689655172414	0.1020408163265306	48.5	1,1,1.0	1,1,1.0	44.0	5	49	1	0.09345794392523364	0.10204081632653061
720	12	67655329	+	12	67747759	-	TRX	22	696	35	172	3	140	292	23	732	31	210	1	43	317	30	5	57	54	9	0.13636363636363635	0.14285714285714285	55.5	1,1,1.0	1,1,1.0	54.0	9	63	1	0.13953488372093023	0.14285714285714285
23	12	67865443	+	12	67872263	-	TRX	30	785	39	182	1	23	311	17	523	39	148	3	62	259	26	3	69	56	7	0.09210526315789473	0.1111111111111111	62.5	1,1,1.0	1,1,1.0	56.0	7	63	1	0.10071942446043165	0.1111111111111111
945	12	70433741	+	12	76408856	-	TRX	19	524	20	150	3	161	281	24	767	31	176	2	63	270	22	3	39	55	8	0.1702127659574468	0.12698412698412698	47.0	1,1,1.0	1,1,1.0	39.0	8	47	0	0.14545454545454545	0.1702127659574468
945	12	70433743	-	12	76414603	+	TRX	19	521	20	148	1	72	278	28	906	31	164	0	0	267	30	4	39	59	5	0.11363636363636365	0.078125	49.0	1,1,1.0	1,1,1.0	39.0	5	44	0	0.09259259259259259	0.11363636363636363
965	12	72476848	+	12	76570389	-	TRX	27	818	29	162	1	59	276	26	761	23	142	3	83	247	24	1	56	49	5	0.0819672131147541	0.09259259259259257	52.5	1,1,1.0	1,1,1.0	49.0	5	54	1	0.08695652173913043	0.09259259259259259
965	12	72476849	-	12	76570946	+	TRX	27	823	29	162	0	0	275	19	564	34	154	1	29	258	28	1	56	53	2	0.03448275862068965	0.03636363636363636	54.5	1,1,1.0	1,1,1.0	53.0	2	55	1	0.035398230088495575	0.03636363636363636
979	12	73518028	+	12	77437407	-	TRX	23	693	32	166	3	86	273	23	744	28	134	1	26	254	22	4	55	51	8	0.12698412698412698	0.13559322033898305	53.0	1,1,1.0	1,1,1.0	51.0	8	59	1	0.13114754098360656	0.13559322033898305
979	12	73518029	-	12	77472124	+	TRX	23	691	32	166	1	31	274	24	674	30	172	2	76	271	28	2	55	54	5	0.08333333333333333	0.0847457627118644	54.5	1,1,1.0	1,1,1.0	54.0	5	59	1	0.08403361344537816	0.0847457627118644
983	12	73781096	+	12	89150408	-	TRX	22	692	32	170	3	61	284	22	615	26	146	2	91	271	36	1	54	48	6	0.1	0.1111111111111111	51.0	1,1,1.0	1,1,1.0	48.0	6	54	1	0.10526315789473684	0.1111111111111111
983	12	73781097	-	12	89156587	+	TRX	23	697	31	172	1	30	284	26	792	23	148	3	112	276	30	5	54	49	9	0.14285714285714285	0.15517241379310345	51.5	1,1,1.0	1,1,1.0	49.0	9	58	1	0.1487603305785124	0.15517241379310345
304	12	76081384	+	12	76091253	-	TRX	11	285	21	154	2	39	291	28	821	37	176	1	26	286	50	2	32	65	5	0.13513513513513514	0.07142857142857144	48.5	1,1,1.0	1,1,1.0	32.0	5	37	0	0.09345794392523364	0.13513513513513514
965	12	76570388	+	12	76570947	-	TRX	25	753	23	144	1	61	248	19	567	35	154	3	158	258	26	2	48	54	6	0.1111111111111111	0.1	51.0	1,1,1.0	1,1,1.0	48.0	6	54	0	0.10526315789473684	0.1111111111111111
600	12	76738948	+	12	76739846	-	TRX	18	556	21	126	1	47	240	30	919	29	160	1	43	275	30	1	39	59	3	0.07142857142857144	0.04838709677419355	49.0	1,1,1.0	1,1,1.0	39.0	3	42	0	0.057692307692307696	0.07142857142857142
1023	12	77344349	+	12	110172449	-	TRX	16	529	27	138	1	52	252	32	854	32	154	2	75	269	20	2	43	64	5	0.10416666666666667	0.07246376811594203	53.5	1,1,1.0	1,1,1.0	43.0	5	48	0	0.08547008547008547	0.10416666666666667
1023	12	77344347	-	12	110199042	+	TRX	16	505	27	136	1	45	251	29	815	27	162	5	216	297	36	2	43	56	8	0.1568627450980392	0.125	49.5	1,1,1.0	1,1,1.0	43.0	8	51	0	0.1391304347826087	0.1568627450980392
979	12	77437406	+	12	77472124	-	TRX	23	737	28	134	3	103	255	24	674	30	172	1	34	271	18	2	51	54	6	0.10526315789473684	0.1	52.5	1,1,1.0	1,1,1.0	51.0	6	57	0	0.10256410256410256	0.10526315789473684
90	12	78484447	+	12	78522492	-	TRX	23	679	29	164	3	113	295	30	958	26	152	3	173	284	28	3	52	56	9	0.14754098360655735	0.13846153846153847	54.0	1,1,1.0	1,1,1.0	52.0	9	61	0	0.14285714285714285	0.14754098360655737
21	12	78897599	+	12	78902335	-	TRX	23	704	33	148	3	39	259	26	746	23	160	2	118	264	18	4	56	49	9	0.13846153846153847	0.15517241379310345	52.5	1,1,1.0	1,1,1.0	49.0	9	58	1	0.14634146341463414	0.15517241379310345
662	12	79807481	+	12	79876616	-	TRX	23	607	34	164	2	121	292	22	613	31	148	2	92	247	28	3	57	53	7	0.109375	0.11666666666666667	55.0	1,1,1.0	1,1,1.0	53.0	7	60	1	0.11290322580645161	0.11666666666666667
607	12	80828022	+	12	80828755	-	TRX	25	740	26	162	2	78	297	21	546	38	164	3	117	278	40	4	51	59	9	0.15	0.1323529411764706	55.0	1,1,1.0	1,1,1.0	51.0	9	60	0	0.140625	0.15
308	12	81405956	+	12	81406717	-	TRX	22	717	23	130	1	14	240	25	704	21	146	1	69	259	40	1	45	46	3	0.0625	0.061224489795918366	45.5	1,1,1.0	1,1,1.0	45.0	3	48	0	0.061855670103092786	0.0625
906	12	81999268	+	12	82003291	-	TRX	23	721	34	168	4	117	287	23	756	20	142	1	55	269	18	3	57	43	8	0.12307692307692307	0.1568627450980392	50.0	1,1,1.0	1,1,1.0	43.0	8	51	1	0.13793103448275862	0.1568627450980392
759	12	83864707	+	12	83874157	-	TRX	24	762	29	182	1	30	312	21	695	23	136	3	112	256	32	2	53	44	6	0.10169491525423728	0.12	48.5	1,1,1.0	1,1,1.0	44.0	6	50	1	0.11009174311926606	0.12
1099	12	84409014	-	12	125354596	+	TRX	21	583	41	160	1	64	291	20	578	28	136	3	103	263	28	4	62	48	8	0.11428571428571427	0.14285714285714285	55.0	1,1,1.0	1,1,1.0	48.0	8	56	1	0.12698412698412698	0.14285714285714285
680	12	85461492	+	12	85464719	-	TRX	25	864	40	178	1	70	302	26	725	40	192	3	48	316	26	2	65	66	6	0.08450704225352113	0.08333333333333333	65.5	1,1,1.0	1,1,1.0	65.0	6	71	0	0.08391608391608392	0.08450704225352113
1121	12	86567938	-	12	130055555	+	TRX	31	914	32	184	1	72	295	28	823	34	176	2	68	282	22	2	63	62	5	0.07352941176470588	0.07462686567164177	62.5	1,1,1.0	1,1,1.0	62.0	5	67	1	0.07407407407407407	0.07462686567164178
842	12	87843768	+	12	87844707	-	TRX	26	725	40	218	2	65	337	12	339	19	114	1	14	217	30	2	66	31	5	0.07042253521126761	0.1388888888888889	48.5	1,1,1.0	1,1,1.0	31.0	5	36	1	0.09345794392523364	0.1388888888888889
297	12	88490401	+	12	88531288	-	TRX	17	517	30	142	4	201	260	20	599	30	166	1	37	272	24	3	47	50	8	0.14545454545454545	0.13793103448275862	48.5	1,1,1.0	1,1,1.0	47.0	8	55	0	0.1415929203539823	0.14545454545454545
1145	12	88927664	+	12	113160763	-	TRX	24	730	28	170	1	13	273	26	751	26	184	1	14	279	28	1	52	52	3	0.05454545454545454	0.05454545454545454	52.0	1,1,1.0	1,1,1.0	52.0	3	55	1	0.05454545454545454	0.05454545454545454
1145	12	88927665	-	12	113166244	+	TRX	26	752	26	170	1	64	273	21	576	24	144	1	40	270	22	1	52	45	3	0.05454545454545454	0.0625	48.5	1,1,1.0	1,1,1.0	45.0	3	48	1	0.05825242718446602	0.0625
983	12	89150407	+	12	89156585	-	TRX	22	613	26	146	2	79	271	27	800	23	148	2	134	276	32	2	48	50	6	0.1111111111111111	0.10714285714285714	49.0	1,1,1.0	1,1,1.0	48.0	6	54	0	0.10909090909090909	0.1111111111111111
764	12	89675275	+	12	89675991	-	TRX	27	749	21	154	3	133	265	22	589	29	158	1	62	276	40	3	48	51	7	0.12727272727272726	0.1206896551724138	49.5	1,1,1.0	1,1,1.0	48.0	7	55	0	0.12389380530973451	0.12727272727272726
1162	12	91058187	+	12	123561407	-	TRX	20	699	20	138	1	75	237	24	758	27	144	1	65	262	14	3	40	51	5	0.1111111111111111	0.08928571428571427	45.5	1,1,1.0	1,1,1.0	40.0	5	45	0	0.09900990099009901	0.1111111111111111
1162	12	91058188	-	12	123562015	+	TRX	20	697	20	138	0	0	237	17	571	28	166	3	150	295	24	2	40	45	5	0.1111111111111111	0.1	42.5	1,1,1.0	1,1,1.0	40.0	5	45	0	0.10526315789473684	0.1111111111111111
500	12	91500615	+	12	91507183	-	TRX	18	568	24	164	1	17	309	18	590	22	154	1	21	247	26	5	42	40	7	0.14285714285714285	0.14893617021276595	41.0	1,1,1.0	1,1,1.0	40.0	7	47	1	0.14583333333333334	0.14893617021276595
1173	12	92166187	+	12	92462466	-	TRX	19	651	32	154	1	42	258	21	632	34	178	1	68	271	14	3	51	55	5	0.08928571428571427	0.08333333333333333	53.0	1,1,1.0	1,1,1.0	51.0	5	56	0	0.08620689655172414	0.08928571428571429
1173	12	92166189	-	12	92469253	+	TRX	19	661	32	154	1	46	258	27	789	38	180	1	27	314	18	2	51	65	4	0.07272727272727272	0.05797101449275361	58.0	1,1,1.0	1,1,1.0	51.0	4	55	0	0.06451612903225806	0.07272727272727272
1173	12	92462465	+	12	92469254	-	TRX	23	655	33	178	1	54	271	27	790	39	180	1	53	313	20	1	56	66	3	0.05084745762711865	0.043478260869565216	61.0	1,1,1.0	1,1,1.0	56.0	3	59	0	0.046875	0.05084745762711865
1188	12	93730141	+	12	106041457	-	TRX	18	517	15	120	3	196	228	26	708	25	144	3	157	282	28	4	33	51	10	0.2325581395348837	0.16393442622950818	42.0	1,1,1.0	1,1,1.0	33.0	11	44	0	0.19230769230769232	0.25
1211	12	95640676	+	12	125585901	-	TRX	21	637	22	140	1	16	252	17	528	28	148	1	64	266	28	1	43	45	3	0.06521739130434782	0.0625	44.0	1,1,1.0	1,1,1.0	43.0	3	46	0	0.06382978723404255	0.06521739130434782
1211	12	95640677	-	12	125586608	+	TRX	21	632	23	140	1	14	252	19	638	30	136	1	21	227	24	2	44	49	4	0.08333333333333333	0.07547169811320754	46.5	1,1,1.0	1,1,1.0	44.0	4	48	0	0.07920792079207921	0.08333333333333333
902	12	96178794	+	12	96184169	-	TRX	29	773	31	162	3	148	293	25	763	31	124	1	50	253	44	4	60	56	8	0.1176470588235294	0.125	58.0	1,1,1.0	1,1,1.0	56.0	8	64	1	0.12121212121212122	0.125
412	12	96406987	+	12	96412031	-	TRX	16	520	21	162	4	153	277	22	693	16	162	1	16	285	38	2	37	38	7	0.1590909090909091	0.15555555555555556	37.5	1,1,1.0	1,1,1.0	37.0	7	44	0	0.15730337078651685	0.1590909090909091
1233	12	97608321	+	12	116326923	-	TRX	24	673	27	178	1	74	285	21	565	25	146	2	46	246	28	2	51	46	5	0.08928571428571427	0.0980392156862745	48.5	1,1,1.0	1,1,1.0	46.0	5	51	1	0.09345794392523364	0.09803921568627451
637	12	97846579	+	12	97919837	-	TRX	27	940	21	164	1	37	275	17	575	29	176	2	85	289	30	2	48	46	5	0.09433962264150944	0.0980392156862745	47.0	1,1,1.0	1,1,1.0	46.0	5	51	1	0.09615384615384616	0.09803921568627451
228	12	98011484	+	12	98060129	-	TRX	36	1084	32	186	1	65	327	16	452	22	138	2	76	256	26	2	68	38	5	0.0684931506849315	0.11627906976744184	53.0	1,1,1.0	1,1,1.0	38.0	5	43	1	0.08620689655172414	0.11627906976744186
849	12	98568342	+	12	98569148	-	TRX	13	424	19	152	2	61	262	23	711	24	184	1	35	303	52	5	32	47	8	0.2	0.14545454545454545	39.5	1,1,1.0	1,1,1.0	32.0	8	40	0	0.16842105263157894	0.2
110	12	100758460	+	12	100818035	-	TRX	27	737	30	140	2	85	265	23	693	30	178	2	33	293	34	5	57	53	9	0.13636363636363635	0.14516129032258066	55.0	1,1,1.0	1,1,1.0	53.0	9	62	1	0.140625	0.14516129032258066
675	12	101028819	+	12	101095840	-	TRX	22	754	29	148	5	132	252	20	648	29	160	4	89	283	32	4	51	49	13	0.203125	0.20967741935483872	50.0	1,1,1.0	1,1,1.0	49.0	14	63	1	0.20634920634920634	0.2222222222222222
1188	12	106041457	+	12	106091559	-	TRX	26	708	25	144	2	94	282	22	726	30	160	3	119	305	36	4	51	52	9	0.15	0.14754098360655735	51.5	1,1,1.0	1,1,1.0	51.0	9	60	0	0.1487603305785124	0.15
1023	12	110172448	+	12	110199042	-	TRX	32	852	32	154	1	12	270	29	815	27	162	1	44	297	32	3	64	56	5	0.07246376811594203	0.0819672131147541	60.0	1,1,1.0	1,1,1.0	56.0	5	61	1	0.07692307692307693	0.08196721311475409
1365	12	111217319	+	12	114731451	-	TRX	24	786	23	146	1	22	270	21	668	30	178	1	30	279	22	3	47	51	5	0.09615384615384617	0.08928571428571427	49.0	1,1,1.0	1,1,1.0	47.0	5	52	0	0.09259259259259259	0.09615384615384616
1365	12	111217319	-	12	114734254	+	TRX	24	786	23	146	3	142	270	25	737	34	158	3	154	257	24	1	47	59	7	0.12962962962962962	0.10606060606060606	53.0	1,1,1.0	1,1,1.0	47.0	7	54	0	0.11666666666666667	0.12962962962962962
1145	12	113160768	+	12	113166245	-	TRX	24	718	27	186	1	56	281	21	573	24	144	1	38	270	20	3	51	45	5	0.08928571428571427	0.1	48.0	1,1,1.0	1,1,1.0	45.0	5	50	1	0.09433962264150944	0.1
378	12	113408752	+	12	113433884	-	TRX	21	658	28	162	1	31	300	28	917	37	176	2	61	291	30	2	49	65	5	0.09259259259259257	0.07142857142857144	57.0	1,1,1.0	1,1,1.0	49.0	5	54	0	0.08064516129032258	0.09259259259259259
1365	12	114731450	+	12	114734255	-	TRX	21	665	30	178	1	73	279	25	744	34	158	4	134	257	28	2	51	59	7	0.1206896551724138	0.10606060606060606	55.0	1,1,1.0	1,1,1.0	51.0	7	58	0	0.11290322580645161	0.1206896551724138
9	12	114959844	+	12	114966514	-	TRX	15	471	22	140	4	93	266	20	647	28	178	1	52	312	36	2	37	48	7	0.1590909090909091	0.12727272727272726	42.5	1,1,1.0	1,1,1.0	37.0	7	44	0	0.1414141414141414	0.1590909090909091
1428	12	118047599	+	12	124807576	-	TRX	27	838	32	198	2	58	322	19	597	23	148	2	42	304	68	3	59	42	7	0.10606060606060606	0.14285714285714285	50.5	1,1,1.0	1,1,1.0	42.0	7	49	1	0.12173913043478261	0.14285714285714285
1428	12	118047600	-	12	124813844	+	TRX	27	839	32	198	2	34	321	20	639	22	162	2	128	306	44	3	59	42	7	0.10606060606060606	0.14285714285714285	50.5	1,1,1.0	1,1,1.0	42.0	7	49	1	0.12173913043478261	0.14285714285714285
1162	12	123561406	+	12	123562016	-	TRX	23	738	27	144	1	28	262	17	576	28	164	1	51	293	32	1	50	45	3	0.05660377358490566	0.0625	47.5	1,1,1.0	1,1,1.0	45.0	3	48	1	0.0594059405940594	0.0625
1368	12	124546559	+	12	124627296	-	TRX	22	691	21	140	2	103	245	20	545	34	200	3	82	303	18	1	43	54	6	0.12244897959183673	0.1	48.5	1,1,1.0	1,1,1.0	43.0	6	49	0	0.11009174311926606	0.12244897959183673
1428	12	124807576	+	12	124813845	-	TRX	19	597	23	148	2	35	304	20	633	23	162	3	53	306	86	1	42	43	6	0.125	0.12244897959183673	42.5	1,1,1.0	1,1,1.0	42.0	6	48	0	0.12371134020618557	0.125
1211	12	125585902	+	12	125586609	-	TRX	17	525	28	148	2	73	265	19	639	30	136	3	105	227	40	1	45	49	6	0.1176470588235294	0.10909090909090907	47.0	1,1,1.0	1,1,1.0	45.0	6	51	0	0.11320754716981132	0.11764705882352941
244	12	125998025	+	12	126003754	-	TRX	26	788	37	176	1	64	270	23	697	27	148	2	52	278	30	2	63	50	5	0.07352941176470588	0.09090909090909091	56.5	1,1,1.0	1,1,1.0	50.0	5	55	1	0.08130081300813008	0.09090909090909091
1121	12	130054800	+	12	130055555	-	TRX	24	763	28	144	2	75	257	28	823	34	176	0	0	282	20	8	52	62	10	0.16129032258064516	0.1388888888888889	57.0	1,1,1.0	1,1,1.0	52.0	11	63	0	0.14925373134328357	0.1746031746031746
